Pno07G002957.t1:195-301	1ab0ce6dbca098772a86670db8d594a2	106	SUPERFAMILY	SSF52540	P-loop containing nucleoside triphosphate hydrolases	4	106	2.55E-21	T	09-04-2022	IPR027417	P-loop containing nucleoside triphosphate hydrolase
Pno06G003778.t1:1207-1353	6b9cac1d17d7a038549d964ae4957df1	146	SUPERFAMILY	SSF52540	P-loop containing nucleoside triphosphate hydrolases	3	143	7.97E-29	T	09-04-2022	IPR027417	P-loop containing nucleoside triphosphate hydrolase
Pno08G004582.t2:198-436	9354fb9a7b1908febdc1bee3312a6356	238	SUPERFAMILY	SSF52540	P-loop containing nucleoside triphosphate hydrolases	6	237	6.01E-60	T	09-04-2022	IPR027417	P-loop containing nucleoside triphosphate hydrolase
Pno05G003617.t1:179-348	47a331df8339fe871da48d1fe0638df5	169	SUPERFAMILY	SSF52540	P-loop containing nucleoside triphosphate hydrolases	9	150	3.49E-25	T	09-04-2022	IPR027417	P-loop containing nucleoside triphosphate hydrolase
Pno07G013576.t1:211-434	e473140c764907a49c32570a7f99dbdd	223	SUPERFAMILY	SSF52540	P-loop containing nucleoside triphosphate hydrolases	2	223	2.46E-52	T	09-04-2022	IPR027417	P-loop containing nucleoside triphosphate hydrolase
Pno04G011909.t1:164-394	1bb6b6eabd3337fa3d82433ff59d22a9	230	SUPERFAMILY	SSF52540	P-loop containing nucleoside triphosphate hydrolases	3	228	1.53E-56	T	09-04-2022	IPR027417	P-loop containing nucleoside triphosphate hydrolase
Pno03G005040.t1:173-430	63393e64c6b8da5a28c9efbef0b18f11	257	SUPERFAMILY	SSF52540	P-loop containing nucleoside triphosphate hydrolases	6	257	8.77E-51	T	09-04-2022	IPR027417	P-loop containing nucleoside triphosphate hydrolase
Pno01G007304.t1:11-124	8759f248c0656f6f31e7d05ef50a1869	113	SUPERFAMILY	SSF52540	P-loop containing nucleoside triphosphate hydrolases	5	113	1.63E-14	T	09-04-2022	IPR027417	P-loop containing nucleoside triphosphate hydrolase
Pno11G000680.t1:214-322	62d071b188729d4bb025374d5435b876	108	SUPERFAMILY	SSF52540	P-loop containing nucleoside triphosphate hydrolases	3	107	3.47E-23	T	09-04-2022	IPR027417	P-loop containing nucleoside triphosphate hydrolase
Pno16G001213.t1:2-128	37356a255d5a1eb17c4cd86a19f419b8	126	SUPERFAMILY	SSF52540	P-loop containing nucleoside triphosphate hydrolases	2	122	1.8E-25	T	09-04-2022	IPR027417	P-loop containing nucleoside triphosphate hydrolase
Pno13G001373.t1:183-403	d442f0e5248a7dfabf52d7c97909e061	220	SUPERFAMILY	SSF52540	P-loop containing nucleoside triphosphate hydrolases	2	220	9.88E-58	T	09-04-2022	IPR027417	P-loop containing nucleoside triphosphate hydrolase
Pno04G004729.t1:176-367	8a18526768ca9c377aa011a174dc5e3f	191	SUPERFAMILY	SSF52540	P-loop containing nucleoside triphosphate hydrolases	3	191	6.57E-34	T	09-04-2022	IPR027417	P-loop containing nucleoside triphosphate hydrolase
Pno10G002703.t1:13-157	3c28fbcf7167237dd3503a290c2559a7	144	SUPERFAMILY	SSF52540	P-loop containing nucleoside triphosphate hydrolases	2	143	1.98E-28	T	09-04-2022	IPR027417	P-loop containing nucleoside triphosphate hydrolase
Pno01G004387.t1:197-407	602daf60dafcdee98a36ab0097c49837	210	SUPERFAMILY	SSF52540	P-loop containing nucleoside triphosphate hydrolases	9	207	7.17E-39	T	09-04-2022	IPR027417	P-loop containing nucleoside triphosphate hydrolase
Pno02G005572.t1:169-359	70765f065e15325914ea06b58ee413bd	190	SUPERFAMILY	SSF52540	P-loop containing nucleoside triphosphate hydrolases	9	189	3.66E-33	T	09-04-2022	IPR027417	P-loop containing nucleoside triphosphate hydrolase
Pno07G002952.t1:216-417	3981f35042ee33f15ad9b934445ae9de	201	SUPERFAMILY	SSF52540	P-loop containing nucleoside triphosphate hydrolases	4	201	1.6E-49	T	09-04-2022	IPR027417	P-loop containing nucleoside triphosphate hydrolase
Pno04G002433.t1:194-306	0cb2bc1d3018edbeac2bf1506b95e7a5	112	SUPERFAMILY	SSF52540	P-loop containing nucleoside triphosphate hydrolases	2	111	4.16E-24	T	09-04-2022	IPR027417	P-loop containing nucleoside triphosphate hydrolase
Pno01G008880.t1:79-213	a83595a41fd78b2766f54851bd5b92ef	134	SUPERFAMILY	SSF52540	P-loop containing nucleoside triphosphate hydrolases	4	134	6.26E-16	T	09-04-2022	IPR027417	P-loop containing nucleoside triphosphate hydrolase
Pno03G004082.t1:121-361	aa6b12f0630498111604e8e79ed9ff27	240	SUPERFAMILY	SSF52540	P-loop containing nucleoside triphosphate hydrolases	3	240	1.2E-45	T	09-04-2022	IPR027417	P-loop containing nucleoside triphosphate hydrolase
Pno04G011669.t1:217-324	af5ee7130c2008e43d6e8e14832caa97	107	SUPERFAMILY	SSF52540	P-loop containing nucleoside triphosphate hydrolases	11	102	3.72E-12	T	09-04-2022	IPR027417	P-loop containing nucleoside triphosphate hydrolase
Pno08G004339.t1:174-219	bdbfd883933feaefa7e85fa6f7da5651	45	SUPERFAMILY	SSF52540	P-loop containing nucleoside triphosphate hydrolases	5	43	1.09E-10	T	09-04-2022	IPR027417	P-loop containing nucleoside triphosphate hydrolase
Pno08G007874.t1:210-432	e8ed9b55cc9a6e88dd35b42f58ade943	222	SUPERFAMILY	SSF52540	P-loop containing nucleoside triphosphate hydrolases	4	221	1.55E-57	T	09-04-2022	IPR027417	P-loop containing nucleoside triphosphate hydrolase
Pno08G001493.t1:207-434	8890f368192b20e04635c75cb0353576	227	SUPERFAMILY	SSF52540	P-loop containing nucleoside triphosphate hydrolases	7	225	6.48E-53	T	09-04-2022	IPR027417	P-loop containing nucleoside triphosphate hydrolase
Pno11G001063.t1:167-379	67885480fae6bc561c8a50cbff99ba84	212	SUPERFAMILY	SSF52540	P-loop containing nucleoside triphosphate hydrolases	2	210	2.91E-32	T	09-04-2022	IPR027417	P-loop containing nucleoside triphosphate hydrolase
Pno290G000001.t1:171-342	c81435f23ad425d46f1fdad2d8492faf	171	SUPERFAMILY	SSF52540	P-loop containing nucleoside triphosphate hydrolases	2	168	5.49E-36	T	09-04-2022	IPR027417	P-loop containing nucleoside triphosphate hydrolase
Pno05G003618.t1:177-346	43d712c1aa347b10512b923526b95e32	169	SUPERFAMILY	SSF52540	P-loop containing nucleoside triphosphate hydrolases	9	150	9.34E-28	T	09-04-2022	IPR027417	P-loop containing nucleoside triphosphate hydrolase
Pno04G002433.t1:138-176	8c7a7fb0e08338d48e0e0f23f5be08bd	38	SUPERFAMILY	SSF52540	P-loop containing nucleoside triphosphate hydrolases	2	38	6.87E-11	T	09-04-2022	IPR027417	P-loop containing nucleoside triphosphate hydrolase
Pno07G003125.t1:211-452	b5a4a417c11db283cdac018a9935c5e3	241	SUPERFAMILY	SSF52540	P-loop containing nucleoside triphosphate hydrolases	3	241	2.51E-53	T	09-04-2022	IPR027417	P-loop containing nucleoside triphosphate hydrolase
Pno04G004229.t1:39-268	b6129830e7e4605b321c419df9978f52	229	SUPERFAMILY	SSF52540	P-loop containing nucleoside triphosphate hydrolases	3	223	6.0E-48	T	09-04-2022	IPR027417	P-loop containing nucleoside triphosphate hydrolase
Pno11G004415.t1:202-427	b85bab39f2b6731f02978638cbc54d58	225	SUPERFAMILY	SSF52540	P-loop containing nucleoside triphosphate hydrolases	3	223	7.07E-48	T	09-04-2022	IPR027417	P-loop containing nucleoside triphosphate hydrolase
Pno04G011744.t1:11-141	1ea6301b14acf45cf313e72f3db535e0	130	SUPERFAMILY	SSF52540	P-loop containing nucleoside triphosphate hydrolases	1	127	1.09E-16	T	09-04-2022	IPR027417	P-loop containing nucleoside triphosphate hydrolase
Pno02G004577.t1:161-413	b0b5e450727bc91064930a529a02d435	252	SUPERFAMILY	SSF52540	P-loop containing nucleoside triphosphate hydrolases	13	252	1.28E-50	T	09-04-2022	IPR027417	P-loop containing nucleoside triphosphate hydrolase
Pno07G002959.t1:174-363	d81f74ea3253ba57c7443e0c2c0dccc7	189	SUPERFAMILY	SSF52540	P-loop containing nucleoside triphosphate hydrolases	3	188	1.67E-41	T	09-04-2022	IPR027417	P-loop containing nucleoside triphosphate hydrolase
Pno07G002962.t1:207-424	6ee488313ef37a2e68fae3e0814cfd76	217	SUPERFAMILY	SSF52540	P-loop containing nucleoside triphosphate hydrolases	3	216	4.34E-52	T	09-04-2022	IPR027417	P-loop containing nucleoside triphosphate hydrolase
Pno08G004678.t1:202-429	d7379b63d3159d1e8933ee10d59bfa67	227	SUPERFAMILY	SSF52540	P-loop containing nucleoside triphosphate hydrolases	2	226	4.03E-60	T	09-04-2022	IPR027417	P-loop containing nucleoside triphosphate hydrolase
Pno05G003972.t1:183-424	8a95a48266e5d67c6a4860d6e8b21161	241	SUPERFAMILY	SSF52540	P-loop containing nucleoside triphosphate hydrolases	11	238	8.74E-40	T	09-04-2022	IPR027417	P-loop containing nucleoside triphosphate hydrolase
Pno16G000326.t1:1-56	fb4eb141a2b8da4bec25c7d0ff1d0f90	55	SUPERFAMILY	SSF52540	P-loop containing nucleoside triphosphate hydrolases	1	55	2.23E-7	T	09-04-2022	IPR027417	P-loop containing nucleoside triphosphate hydrolase
Pno05G003609.t1:186-426	d63b5ee4f9698c31672a7cf1f522cd05	240	SUPERFAMILY	SSF52540	P-loop containing nucleoside triphosphate hydrolases	8	240	1.49E-40	T	09-04-2022	IPR027417	P-loop containing nucleoside triphosphate hydrolase
Pno02G005760.t2:172-400	2bb7fd5ed2bb16ae2fe62df72934c34a	228	SUPERFAMILY	SSF52540	P-loop containing nucleoside triphosphate hydrolases	1	225	8.9E-36	T	09-04-2022	IPR027417	P-loop containing nucleoside triphosphate hydrolase
Pno05G003611.t2:164-401	c5a4bd69d5ba9ae6204be1f1f8547060	237	SUPERFAMILY	SSF52540	P-loop containing nucleoside triphosphate hydrolases	8	232	2.91E-39	T	09-04-2022	IPR027417	P-loop containing nucleoside triphosphate hydrolase
Pno08G003495.t1:163-414	1237977b61a09535fc7ca5e28cc4c459	251	SUPERFAMILY	SSF52540	P-loop containing nucleoside triphosphate hydrolases	2	251	2.63E-49	T	09-04-2022	IPR027417	P-loop containing nucleoside triphosphate hydrolase
Pno12G004337.t1:43-264	d9b7deb456e5772878d62bc9bae94174	221	SUPERFAMILY	SSF52540	P-loop containing nucleoside triphosphate hydrolases	2	219	2.19E-51	T	09-04-2022	IPR027417	P-loop containing nucleoside triphosphate hydrolase
Pno11G004480.t1:202-425	314692a0950710cbe291fb2bf643832a	223	SUPERFAMILY	SSF52540	P-loop containing nucleoside triphosphate hydrolases	3	222	3.13E-49	T	09-04-2022	IPR027417	P-loop containing nucleoside triphosphate hydrolase
Pno08G004643.t1:29-103	4ccf254a709b1fb8325abcea3e15b66a	74	SUPERFAMILY	SSF52540	P-loop containing nucleoside triphosphate hydrolases	3	73	1.42E-18	T	09-04-2022	IPR027417	P-loop containing nucleoside triphosphate hydrolase
Pno07G002929.t1:216-426	47e6da5b2a94d30cc2f5d6b9feb5d6b3	210	SUPERFAMILY	SSF52540	P-loop containing nucleoside triphosphate hydrolases	4	209	1.27E-51	T	09-04-2022	IPR027417	P-loop containing nucleoside triphosphate hydrolase
Pno08G004688.t1:203-440	2739a5a35863290d1a6e171af1c32411	237	SUPERFAMILY	SSF52540	P-loop containing nucleoside triphosphate hydrolases	3	237	4.63E-61	T	09-04-2022	IPR027417	P-loop containing nucleoside triphosphate hydrolase
Pno16G000608.t1:152-317	c00ebfc998634ada2a32bb6d93945221	165	SUPERFAMILY	SSF52540	P-loop containing nucleoside triphosphate hydrolases	3	163	5.45E-37	T	09-04-2022	IPR027417	P-loop containing nucleoside triphosphate hydrolase
Pno13G001502.t1:153-374	f66c7b3b04457aa1e1d3cca169004990	221	SUPERFAMILY	SSF52540	P-loop containing nucleoside triphosphate hydrolases	2	221	1.09E-53	T	09-04-2022	IPR027417	P-loop containing nucleoside triphosphate hydrolase
Pno13G001491.t1:178-399	f66c7b3b04457aa1e1d3cca169004990	221	SUPERFAMILY	SSF52540	P-loop containing nucleoside triphosphate hydrolases	2	221	1.09E-53	T	09-04-2022	IPR027417	P-loop containing nucleoside triphosphate hydrolase
Pno13G001495.t1:178-399	f66c7b3b04457aa1e1d3cca169004990	221	SUPERFAMILY	SSF52540	P-loop containing nucleoside triphosphate hydrolases	2	221	1.09E-53	T	09-04-2022	IPR027417	P-loop containing nucleoside triphosphate hydrolase
Pno04G000039.t1:170-392	bda69b4c2621586c8c89201b457e123c	222	SUPERFAMILY	SSF52540	P-loop containing nucleoside triphosphate hydrolases	7	218	3.38E-35	T	09-04-2022	IPR027417	P-loop containing nucleoside triphosphate hydrolase
Pno10G002704.t1:168-225	b0cf6f7a1e5d71dce5dbb2c9bbddc095	57	SUPERFAMILY	SSF52540	P-loop containing nucleoside triphosphate hydrolases	2	57	2.83E-11	T	09-04-2022	IPR027417	P-loop containing nucleoside triphosphate hydrolase
Pno08G004693.t1:308-418	820a61d9fa247579a05138e2ff9df3e6	110	SUPERFAMILY	SSF52540	P-loop containing nucleoside triphosphate hydrolases	1	110	1.06E-25	T	09-04-2022	IPR027417	P-loop containing nucleoside triphosphate hydrolase
Pno07G006020.t1:4-90	d22c7e13f269bb8e76b4853bad5b61a4	86	SUPERFAMILY	SSF52540	P-loop containing nucleoside triphosphate hydrolases	1	86	2.79E-16	T	09-04-2022	IPR027417	P-loop containing nucleoside triphosphate hydrolase
Pno05G003617.t1:381-593	2b925efd8a9d29b2564865b8e747d2e3	212	SUPERFAMILY	SSF52540	P-loop containing nucleoside triphosphate hydrolases	3	208	2.03E-37	T	09-04-2022	IPR027417	P-loop containing nucleoside triphosphate hydrolase
Pno05G003618.t1:379-605	a552e35e7e920745f13da72b5d3894b4	226	SUPERFAMILY	SSF52540	P-loop containing nucleoside triphosphate hydrolases	3	220	3.36E-39	T	09-04-2022	IPR027417	P-loop containing nucleoside triphosphate hydrolase
Pno08G004412.t1:167-281	ce419bce029df6f0a64daf00c6281298	114	SUPERFAMILY	SSF52540	P-loop containing nucleoside triphosphate hydrolases	9	101	1.7E-7	T	09-04-2022	IPR027417	P-loop containing nucleoside triphosphate hydrolase
Pno03G004070.t1:219-429	5974cbd0fb994529e239491e1bea9597	210	SUPERFAMILY	SSF52540	P-loop containing nucleoside triphosphate hydrolases	8	208	1.96E-49	T	09-04-2022	IPR027417	P-loop containing nucleoside triphosphate hydrolase
Pno07G002961.t1:216-426	dc17c58173833e2812033a69885c7751	210	SUPERFAMILY	SSF52540	P-loop containing nucleoside triphosphate hydrolases	4	209	7.41E-54	T	09-04-2022	IPR027417	P-loop containing nucleoside triphosphate hydrolase
Pno11G000857.t1:200-441	6650d3486eb82aa2bc49a7a18de4950c	241	SUPERFAMILY	SSF52540	P-loop containing nucleoside triphosphate hydrolases	3	241	7.0E-60	T	09-04-2022	IPR027417	P-loop containing nucleoside triphosphate hydrolase
Pno01G012977.t1:109-336	b3056b7dd5ca5df0c0ccf8c13cb7c485	227	SUPERFAMILY	SSF52540	P-loop containing nucleoside triphosphate hydrolases	4	225	1.01E-35	T	09-04-2022	IPR027417	P-loop containing nucleoside triphosphate hydrolase
Pno05G002164.t1:145-222	8eada5f2ce5338540644defce600099d	77	SUPERFAMILY	SSF52540	P-loop containing nucleoside triphosphate hydrolases	4	74	2.31E-7	T	09-04-2022	IPR027417	P-loop containing nucleoside triphosphate hydrolase
Pno06G003777.t1:183-422	2d64c9d79c3c5641be5ed94c24880d13	239	SUPERFAMILY	SSF52540	P-loop containing nucleoside triphosphate hydrolases	2	226	1.49E-47	T	09-04-2022	IPR027417	P-loop containing nucleoside triphosphate hydrolase
Pno08G004643.t1:639-876	2ed1623c1daf995564994edb23c5143d	237	SUPERFAMILY	SSF52540	P-loop containing nucleoside triphosphate hydrolases	2	237	2.4E-61	T	09-04-2022	IPR027417	P-loop containing nucleoside triphosphate hydrolase
Pno09G000893.t1:3-220	ab7a63b761dee2b0947445f200450e03	217	SUPERFAMILY	SSF52540	P-loop containing nucleoside triphosphate hydrolases	2	216	1.31E-25	T	09-04-2022	IPR027417	P-loop containing nucleoside triphosphate hydrolase
Pno04G013755.t1:77-235	50947120492f15420b612db364eeeaab	158	SUPERFAMILY	SSF52540	P-loop containing nucleoside triphosphate hydrolases	2	158	2.67E-21	T	09-04-2022	IPR027417	P-loop containing nucleoside triphosphate hydrolase
Pno04G011768.t1:164-390	ebb85238052ef139f54686e79ca3fea0	226	SUPERFAMILY	SSF52540	P-loop containing nucleoside triphosphate hydrolases	2	223	4.66E-32	T	09-04-2022	IPR027417	P-loop containing nucleoside triphosphate hydrolase
Pno01G007333.t1:228-451	ac2151ad78bcbb0033071fa77d1c648d	223	SUPERFAMILY	SSF52540	P-loop containing nucleoside triphosphate hydrolases	3	211	3.68E-35	T	09-04-2022	IPR027417	P-loop containing nucleoside triphosphate hydrolase
Pno06G001923.t1:175-419	bf84fff943b081e27e429251fff27c4f	244	SUPERFAMILY	SSF52540	P-loop containing nucleoside triphosphate hydrolases	2	228	1.22E-53	T	09-04-2022	IPR027417	P-loop containing nucleoside triphosphate hydrolase
Pno06G003778.t1:183-405	ed23f6e92cfb7044f1cd04ff65624d26	222	SUPERFAMILY	SSF52540	P-loop containing nucleoside triphosphate hydrolases	3	219	2.78E-46	T	09-04-2022	IPR027417	P-loop containing nucleoside triphosphate hydrolase
Pno07G002914.t1:291-510	1bb6989a72c0d61fd87a347037e1da0c	219	SUPERFAMILY	SSF52540	P-loop containing nucleoside triphosphate hydrolases	5	217	2.67E-48	T	09-04-2022	IPR027417	P-loop containing nucleoside triphosphate hydrolase
Pno12G009320.t1:172-396	9af4207d0413fc9e2c86c3ed54a25f3c	224	SUPERFAMILY	SSF52540	P-loop containing nucleoside triphosphate hydrolases	4	221	1.69E-54	T	09-04-2022	IPR027417	P-loop containing nucleoside triphosphate hydrolase
Pno07G002964.t1:216-426	3c8f7da9ef85c7f9affd0758e7fe05c7	210	SUPERFAMILY	SSF52540	P-loop containing nucleoside triphosphate hydrolases	4	209	1.26E-51	T	09-04-2022	IPR027417	P-loop containing nucleoside triphosphate hydrolase
Pno05G004343.t1:449-588	82205b37990b2d9b31b192e12b734108	139	SUPERFAMILY	SSF52540	P-loop containing nucleoside triphosphate hydrolases	4	138	5.58E-14	T	09-04-2022	IPR027417	P-loop containing nucleoside triphosphate hydrolase
Pno05G003078.t1:13-149	dcc3f0c60b7a5e260518f0b7d35ab28f	136	SUPERFAMILY	SSF52540	P-loop containing nucleoside triphosphate hydrolases	3	122	1.31E-24	T	09-04-2022	IPR027417	P-loop containing nucleoside triphosphate hydrolase
Pno11G001045.t1:273-505	358d2be7c47d91d45f3725f7c18f67cf	232	SUPERFAMILY	SSF52540	P-loop containing nucleoside triphosphate hydrolases	4	231	2.03E-43	T	09-04-2022	IPR027417	P-loop containing nucleoside triphosphate hydrolase
Pno07G005085.t1:178-382	9f0d5ba3d8baadbaa3bc1910cf3dc79c	204	SUPERFAMILY	SSF52540	P-loop containing nucleoside triphosphate hydrolases	2	203	5.22E-50	T	09-04-2022	IPR027417	P-loop containing nucleoside triphosphate hydrolase
Pno16G000218.t1:131-376	0525707b7f6e6aa6a4a5bf37a1f22793	245	SUPERFAMILY	SSF52540	P-loop containing nucleoside triphosphate hydrolases	2	245	1.88E-53	T	09-04-2022	IPR027417	P-loop containing nucleoside triphosphate hydrolase
Pno08G000623.t1:209-406	13ef55ae659729db95486a56c7004a34	197	SUPERFAMILY	SSF52540	P-loop containing nucleoside triphosphate hydrolases	2	197	1.8E-50	T	09-04-2022	IPR027417	P-loop containing nucleoside triphosphate hydrolase
Pno09G000889.t1:27-266	d969e4da6de2c5bc99a02dd54e440c13	239	SUPERFAMILY	SSF52540	P-loop containing nucleoside triphosphate hydrolases	3	215	1.54E-24	T	09-04-2022	IPR027417	P-loop containing nucleoside triphosphate hydrolase
Pno12G004173.t1:150-374	27b84ebd369c635c8e10a28a261a95b9	224	SUPERFAMILY	SSF52540	P-loop containing nucleoside triphosphate hydrolases	2	222	2.29E-53	T	09-04-2022	IPR027417	P-loop containing nucleoside triphosphate hydrolase
Pno13G000879.t1:212-430	028382ae2cbb382e9855e1c44e2cb9a8	218	SUPERFAMILY	SSF52540	P-loop containing nucleoside triphosphate hydrolases	2	216	3.73E-52	T	09-04-2022	IPR027417	P-loop containing nucleoside triphosphate hydrolase
Pno08G005037.t1:207-428	79f2181ad806c1a3321f74c6e79ccc38	221	SUPERFAMILY	SSF52540	P-loop containing nucleoside triphosphate hydrolases	5	220	8.74E-56	T	09-04-2022	IPR027417	P-loop containing nucleoside triphosphate hydrolase
Pno08G004654.t1:203-442	f7e8c4cdcd77071b8b4c0aaacad4f85b	239	SUPERFAMILY	SSF52540	P-loop containing nucleoside triphosphate hydrolases	5	237	2.22E-62	T	09-04-2022	IPR027417	P-loop containing nucleoside triphosphate hydrolase
Pno07G001727.t2:124-335	d7f1afe217b0732208d7efe6ab0f67d9	211	SUPERFAMILY	SSF52540	P-loop containing nucleoside triphosphate hydrolases	4	209	4.47E-49	T	09-04-2022	IPR027417	P-loop containing nucleoside triphosphate hydrolase
Pno03G004105.t1:219-429	ab63a763c13f87ffcc0f8220ec6aa17f	210	SUPERFAMILY	SSF52540	P-loop containing nucleoside triphosphate hydrolases	6	208	3.66E-51	T	09-04-2022	IPR027417	P-loop containing nucleoside triphosphate hydrolase
Pno06G003772.t1:183-421	ab177ea3d03d55dfddd5d5fcb274209f	238	SUPERFAMILY	SSF52540	P-loop containing nucleoside triphosphate hydrolases	2	225	1.6E-48	T	09-04-2022	IPR027417	P-loop containing nucleoside triphosphate hydrolase
Pno12G000316.t2:194-398	4bad302b31f7def38f2b16fc2a67b8ae	204	SUPERFAMILY	SSF52540	P-loop containing nucleoside triphosphate hydrolases	2	202	1.85E-52	T	09-04-2022	IPR027417	P-loop containing nucleoside triphosphate hydrolase
Pno01G008990.t1:79-230	33355ab10cbdd7763f85b1f74a246207	151	SUPERFAMILY	SSF52540	P-loop containing nucleoside triphosphate hydrolases	4	145	2.19E-19	T	09-04-2022	IPR027417	P-loop containing nucleoside triphosphate hydrolase
Pno08G004662.t1:197-435	1cab80c85735a21d78b03da549aec4d8	238	SUPERFAMILY	SSF52540	P-loop containing nucleoside triphosphate hydrolases	2	238	1.19E-60	T	09-04-2022	IPR027417	P-loop containing nucleoside triphosphate hydrolase
Pno05G003995.t1:166-407	f2cbc2aba45a344c8c93c7a6065736db	241	SUPERFAMILY	SSF52540	P-loop containing nucleoside triphosphate hydrolases	3	241	2.58E-54	T	09-04-2022	IPR027417	P-loop containing nucleoside triphosphate hydrolase
Pno17G000869.t1:1-127	8c93bc2d826fb4cdda744eec4793760f	126	SUPERFAMILY	SSF52540	P-loop containing nucleoside triphosphate hydrolases	2	111	8.89E-19	T	09-04-2022	IPR027417	P-loop containing nucleoside triphosphate hydrolase
Pno11G000679.t1:4-87	3acd0db290704d9a52c867142dd7eca4	83	SUPERFAMILY	SSF52540	P-loop containing nucleoside triphosphate hydrolases	1	83	2.92E-21	T	09-04-2022	IPR027417	P-loop containing nucleoside triphosphate hydrolase
Pno07G003049.t1:226-332	61987224924ddec4455b7f0b621f61aa	106	SUPERFAMILY	SSF52540	P-loop containing nucleoside triphosphate hydrolases	2	106	2.73E-25	T	09-04-2022	IPR027417	P-loop containing nucleoside triphosphate hydrolase
Pno13G000630.t1:174-224	7fdc38e3e43ee14e43412ad6a2c9e077	50	SUPERFAMILY	SSF52540	P-loop containing nucleoside triphosphate hydrolases	5	48	1.23E-10	T	09-04-2022	IPR027417	P-loop containing nucleoside triphosphate hydrolase
Pno08G004303.t3:205-421	89eb2b573f521a4051c3e1150e77d8dc	216	SUPERFAMILY	SSF52540	P-loop containing nucleoside triphosphate hydrolases	2	215	9.13E-58	T	09-04-2022	IPR027417	P-loop containing nucleoside triphosphate hydrolase
Pno08G004300.t1:205-421	89eb2b573f521a4051c3e1150e77d8dc	216	SUPERFAMILY	SSF52540	P-loop containing nucleoside triphosphate hydrolases	2	215	9.13E-58	T	09-04-2022	IPR027417	P-loop containing nucleoside triphosphate hydrolase
Pno06G003768.t2:214-359	074432fd29ba71ba3a8884f79a0953b1	145	SUPERFAMILY	SSF52540	P-loop containing nucleoside triphosphate hydrolases	3	142	3.85E-28	T	09-04-2022	IPR027417	P-loop containing nucleoside triphosphate hydrolase
Pno07G002908.t1:212-435	40d00b146c0d080cbcf412a5ea7fbefc	223	SUPERFAMILY	SSF52540	P-loop containing nucleoside triphosphate hydrolases	5	222	2.77E-52	T	09-04-2022	IPR027417	P-loop containing nucleoside triphosphate hydrolase
Pno08G004339.t1:220-367	8d4a6fd027e5d5e24c674589f2db6d38	147	SUPERFAMILY	SSF52540	P-loop containing nucleoside triphosphate hydrolases	10	147	6.28E-27	T	09-04-2022	IPR027417	P-loop containing nucleoside triphosphate hydrolase
Pno07G006016.t1:177-292	5806f8323766e4f04b472803248e9587	115	SUPERFAMILY	SSF52540	P-loop containing nucleoside triphosphate hydrolases	4	108	6.11E-25	T	09-04-2022	IPR027417	P-loop containing nucleoside triphosphate hydrolase
Pno13G000875.t1:239-457	90edb12050dc26665cfd8b16ec74dc0a	218	SUPERFAMILY	SSF52540	P-loop containing nucleoside triphosphate hydrolases	2	217	2.89E-53	T	09-04-2022	IPR027417	P-loop containing nucleoside triphosphate hydrolase
Pno08G004656.t1:29-112	b55b266198fe319450324afd08dc8c1a	83	SUPERFAMILY	SSF52540	P-loop containing nucleoside triphosphate hydrolases	2	82	6.16E-17	T	09-04-2022	IPR027417	P-loop containing nucleoside triphosphate hydrolase
Pno345G000002.t1:1-153	7d713f96de04015e2c375a5e9e349664	152	SUPERFAMILY	SSF52540	P-loop containing nucleoside triphosphate hydrolases	1	144	8.38E-35	T	09-04-2022	IPR027417	P-loop containing nucleoside triphosphate hydrolase
Pno01G008976.t1:90-148	9a632a2c815681292e8c440eb0a20cbb	58	SUPERFAMILY	SSF52540	P-loop containing nucleoside triphosphate hydrolases	4	56	1.08E-6	T	09-04-2022	IPR027417	P-loop containing nucleoside triphosphate hydrolase
Pno16G000245.t1:227-369	e60bd918864abec5f804f1a112eae3bd	142	SUPERFAMILY	SSF52540	P-loop containing nucleoside triphosphate hydrolases	4	141	1.82E-30	T	09-04-2022	IPR027417	P-loop containing nucleoside triphosphate hydrolase
Pno08G004752.t1:210-432	dfd5a7cf230051e1531187963e882063	222	SUPERFAMILY	SSF52540	P-loop containing nucleoside triphosphate hydrolases	4	221	7.14E-57	T	09-04-2022	IPR027417	P-loop containing nucleoside triphosphate hydrolase
Pno04G011836.t1:164-383	113d2dab1a54e4937696c8f8dd4af1d5	219	SUPERFAMILY	SSF52540	P-loop containing nucleoside triphosphate hydrolases	2	216	6.68E-33	T	09-04-2022	IPR027417	P-loop containing nucleoside triphosphate hydrolase
Pno12G003751.t1:188-283	ce57d8ad632a4ec95184c06d4d52e7c4	95	SUPERFAMILY	SSF52540	P-loop containing nucleoside triphosphate hydrolases	17	88	1.86E-14	T	09-04-2022	IPR027417	P-loop containing nucleoside triphosphate hydrolase
Pno06G001768.t1:9-142	bb3f9b3c9229fa1438c6756a6352cad1	133	SUPERFAMILY	SSF52540	P-loop containing nucleoside triphosphate hydrolases	4	132	1.4E-17	T	09-04-2022	IPR027417	P-loop containing nucleoside triphosphate hydrolase
Pno16G001213.t1:417-502	2769e63f9ce10e1edd0a2feb90454827	85	SUPERFAMILY	SSF52540	P-loop containing nucleoside triphosphate hydrolases	7	85	6.37E-8	T	09-04-2022	IPR027417	P-loop containing nucleoside triphosphate hydrolase
Pno01G007318.t1:226-440	a5b44e925b32c5c40e8993fbfebe11cd	214	SUPERFAMILY	SSF52540	P-loop containing nucleoside triphosphate hydrolases	3	206	1.32E-33	T	09-04-2022	IPR027417	P-loop containing nucleoside triphosphate hydrolase
Pno04G018040.t1:170-392	fa76d75eeacf8cd17aad4e824d4c367f	222	SUPERFAMILY	SSF52540	P-loop containing nucleoside triphosphate hydrolases	7	219	5.45E-37	T	09-04-2022	IPR027417	P-loop containing nucleoside triphosphate hydrolase
Pno04G017996.t1:194-416	fa76d75eeacf8cd17aad4e824d4c367f	222	SUPERFAMILY	SSF52540	P-loop containing nucleoside triphosphate hydrolases	7	219	5.45E-37	T	09-04-2022	IPR027417	P-loop containing nucleoside triphosphate hydrolase
Pno11G004623.t1:227-450	a2400715eb028653b811b6c4c4061fa2	223	SUPERFAMILY	SSF52540	P-loop containing nucleoside triphosphate hydrolases	3	222	1.37E-48	T	09-04-2022	IPR027417	P-loop containing nucleoside triphosphate hydrolase
Pno03G004067.t1:130-225	cb2be2a5eb5bab6e0b326c76fe087646	95	SUPERFAMILY	SSF52540	P-loop containing nucleoside triphosphate hydrolases	2	93	9.11E-21	T	09-04-2022	IPR027417	P-loop containing nucleoside triphosphate hydrolase
Pno10G002243.t1:1-223	474dc648011680483e1625f50f94854b	222	SUPERFAMILY	SSF52540	P-loop containing nucleoside triphosphate hydrolases	1	221	9.33E-46	T	09-04-2022	IPR027417	P-loop containing nucleoside triphosphate hydrolase
Pno06G003765.t1:166-402	e957c7ab0d67e1d5123117a03627575c	236	SUPERFAMILY	SSF52540	P-loop containing nucleoside triphosphate hydrolases	3	223	5.22E-47	T	09-04-2022	IPR027417	P-loop containing nucleoside triphosphate hydrolase
Pno06G003770.t1:168-390	46e02edfd5aeb0c4886058a7a6dc2a2b	222	SUPERFAMILY	SSF52540	P-loop containing nucleoside triphosphate hydrolases	3	219	8.79E-47	T	09-04-2022	IPR027417	P-loop containing nucleoside triphosphate hydrolase
Pno08G004409.t1:934-1164	048d9678569ed969cec6301446abc6a7	230	SUPERFAMILY	SSF52540	P-loop containing nucleoside triphosphate hydrolases	2	211	2.91E-40	T	09-04-2022	IPR027417	P-loop containing nucleoside triphosphate hydrolase
Pno16G000322.t1:407-466	a7b1861e38ff9921f10e5ee182d27c77	59	SUPERFAMILY	SSF52540	P-loop containing nucleoside triphosphate hydrolases	2	55	1.09E-5	T	09-04-2022	IPR027417	P-loop containing nucleoside triphosphate hydrolase
Pno04G011839.t1:899-1131	8aa17a3c3d7c2df08ace7626a6343264	232	SUPERFAMILY	SSF52540	P-loop containing nucleoside triphosphate hydrolases	2	225	6.29E-34	T	09-04-2022	IPR027417	P-loop containing nucleoside triphosphate hydrolase
Pno146G000004.t1:41-222	c4bd7c150b5ed57ddf71328b3d45c5a2	181	SUPERFAMILY	SSF52540	P-loop containing nucleoside triphosphate hydrolases	14	181	9.96E-31	T	09-04-2022	IPR027417	P-loop containing nucleoside triphosphate hydrolase
Pno16G000217.t1:1-56	8b1ad74eb3999a3c0d2b7c468a4613be	55	SUPERFAMILY	SSF52540	P-loop containing nucleoside triphosphate hydrolases	1	55	9.82E-8	T	09-04-2022	IPR027417	P-loop containing nucleoside triphosphate hydrolase
Pno16G000241.t1:1-56	8b1ad74eb3999a3c0d2b7c468a4613be	55	SUPERFAMILY	SSF52540	P-loop containing nucleoside triphosphate hydrolases	1	55	9.82E-8	T	09-04-2022	IPR027417	P-loop containing nucleoside triphosphate hydrolase
Pno01G003412.t1:172-395	990ce0fe5d7a353c1528d21f01dbcc22	223	SUPERFAMILY	SSF52540	P-loop containing nucleoside triphosphate hydrolases	5	218	1.89E-35	T	09-04-2022	IPR027417	P-loop containing nucleoside triphosphate hydrolase
Pno04G000120.t1:754-991	609fe56717eee17a582e43290b622fdd	237	SUPERFAMILY	SSF52540	P-loop containing nucleoside triphosphate hydrolases	5	237	8.8E-55	T	09-04-2022	IPR027417	P-loop containing nucleoside triphosphate hydrolase
Pno07G002937.t1:213-433	e3c688e01549cb891889e6dfe7dc4755	220	SUPERFAMILY	SSF52540	P-loop containing nucleoside triphosphate hydrolases	4	218	6.51E-53	T	09-04-2022	IPR027417	P-loop containing nucleoside triphosphate hydrolase
Pno08G003475.t1:157-263	21ef3c02d99b9270686b02f47fa22b00	106	SUPERFAMILY	SSF52540	P-loop containing nucleoside triphosphate hydrolases	13	106	8.22E-21	T	09-04-2022	IPR027417	P-loop containing nucleoside triphosphate hydrolase
Pno04G013820.t1:44-159	bbef7ebb31563fde1a910cbace9878c3	115	SUPERFAMILY	SSF52540	P-loop containing nucleoside triphosphate hydrolases	2	103	7.69E-15	T	09-04-2022	IPR027417	P-loop containing nucleoside triphosphate hydrolase
Pno11G004641.t1:195-420	e9b8e280096c7cdbaca22dec6d0aaefb	225	SUPERFAMILY	SSF52540	P-loop containing nucleoside triphosphate hydrolases	3	223	1.69E-48	T	09-04-2022	IPR027417	P-loop containing nucleoside triphosphate hydrolase
Pno03G004095.t1:51-261	06e5978b5c13ab6c6eb63b75b8d54b95	210	SUPERFAMILY	SSF52540	P-loop containing nucleoside triphosphate hydrolases	6	208	3.07E-49	T	09-04-2022	IPR027417	P-loop containing nucleoside triphosphate hydrolase
Pno07G013564.t1:218-426	210acb68b52c25ee741a0ff909d86f68	208	SUPERFAMILY	SSF52540	P-loop containing nucleoside triphosphate hydrolases	3	207	1.23E-46	T	09-04-2022	IPR027417	P-loop containing nucleoside triphosphate hydrolase
Pno04G000005.t1:58-277	83b14586415798cb681c9c647af73744	219	SUPERFAMILY	SSF52540	P-loop containing nucleoside triphosphate hydrolases	7	216	9.46E-37	T	09-04-2022	IPR027417	P-loop containing nucleoside triphosphate hydrolase
Pno01G008984.t1:202-281	3c89627f4f10bfc2abee8fa55ec97c5d	79	SUPERFAMILY	SSF52540	P-loop containing nucleoside triphosphate hydrolases	5	79	1.65E-8	T	09-04-2022	IPR027417	P-loop containing nucleoside triphosphate hydrolase
Pno07G002928.t1:216-426	e0a3d8275c7a63abaa5455b54e55f7f5	210	SUPERFAMILY	SSF52540	P-loop containing nucleoside triphosphate hydrolases	4	209	2.66E-52	T	09-04-2022	IPR027417	P-loop containing nucleoside triphosphate hydrolase
Pno01G010224.t1:101-327	e9b550fd183638db67c74b9b41e26d2d	226	SUPERFAMILY	SSF52540	P-loop containing nucleoside triphosphate hydrolases	4	224	5.64E-34	T	09-04-2022	IPR027417	P-loop containing nucleoside triphosphate hydrolase
Pno16G001551.t1:174-417	f1833223e972ad40ca0ecc400b25d06b	243	SUPERFAMILY	SSF52540	P-loop containing nucleoside triphosphate hydrolases	2	243	6.32E-51	T	09-04-2022	IPR027417	P-loop containing nucleoside triphosphate hydrolase
Pno07G002933.t1:110-319	7ddefbd3d90d1ad9bd71add4a4598a8a	209	SUPERFAMILY	SSF52540	P-loop containing nucleoside triphosphate hydrolases	4	208	8.26E-53	T	09-04-2022	IPR027417	P-loop containing nucleoside triphosphate hydrolase
Pno07G004929.t1:2-229	d50346a928fb353d50d8fad95e0e1df1	227	SUPERFAMILY	SSF52540	P-loop containing nucleoside triphosphate hydrolases	3	227	1.72E-54	T	09-04-2022	IPR027417	P-loop containing nucleoside triphosphate hydrolase
Pno03G004066.t1:223-433	6ddb56045e7ed10e717c2fe31ae4a3a7	210	SUPERFAMILY	SSF52540	P-loop containing nucleoside triphosphate hydrolases	6	208	3.57E-51	T	09-04-2022	IPR027417	P-loop containing nucleoside triphosphate hydrolase
Pno03G004067.t1:45-113	b9608b92687009b44ee32be1f5efa33f	68	SUPERFAMILY	SSF52540	P-loop containing nucleoside triphosphate hydrolases	2	65	3.0E-13	T	09-04-2022	IPR027417	P-loop containing nucleoside triphosphate hydrolase
Pno08G008784.t1:195-412	3dfe919d0f8f6ce9e9f6d956be2d207e	217	SUPERFAMILY	SSF52540	P-loop containing nucleoside triphosphate hydrolases	4	216	1.08E-49	T	09-04-2022	IPR027417	P-loop containing nucleoside triphosphate hydrolase
Pno01G004968.t1:171-421	1c63afc752db4474b58b908ff9db9ba7	250	SUPERFAMILY	SSF52540	P-loop containing nucleoside triphosphate hydrolases	2	250	4.62E-59	T	09-04-2022	IPR027417	P-loop containing nucleoside triphosphate hydrolase
Pno07G002953.t1:214-425	57526725f1477e24b5fdfbd6f2956d19	211	SUPERFAMILY	SSF52540	P-loop containing nucleoside triphosphate hydrolases	5	210	2.51E-52	T	09-04-2022	IPR027417	P-loop containing nucleoside triphosphate hydrolase
Pno07G013559.t1:10-129	6d3c2e4c7cd3a4f70ff1a1df7f4c5259	119	SUPERFAMILY	SSF52540	P-loop containing nucleoside triphosphate hydrolases	3	105	3.33E-20	T	09-04-2022	IPR027417	P-loop containing nucleoside triphosphate hydrolase
Pno08G004412.t1:113-164	7a545f7522002329da8f741724ec8c84	51	SUPERFAMILY	SSF52540	P-loop containing nucleoside triphosphate hydrolases	2	50	1.38E-9	T	09-04-2022	IPR027417	P-loop containing nucleoside triphosphate hydrolase
Pno11G001052.t3:147-374	2fcb43993962f81f84aaff144cf6c934	227	SUPERFAMILY	SSF52540	P-loop containing nucleoside triphosphate hydrolases	3	227	2.79E-56	T	09-04-2022	IPR027417	P-loop containing nucleoside triphosphate hydrolase
Pno06G002331.t1:635-870	38aa9ed414bbdb8f8699b9eb25f76963	235	SUPERFAMILY	SSF52540	P-loop containing nucleoside triphosphate hydrolases	6	217	7.2E-36	T	09-04-2022	IPR027417	P-loop containing nucleoside triphosphate hydrolase
Pno08G001465.t1:201-428	39cde35aba4790162137c8ee193a1cb5	227	SUPERFAMILY	SSF52540	P-loop containing nucleoside triphosphate hydrolases	4	224	1.28E-51	T	09-04-2022	IPR027417	P-loop containing nucleoside triphosphate hydrolase
Pno01G003708.t1:172-411	165e9eeed5542d967b277920ba75174a	239	SUPERFAMILY	SSF52540	P-loop containing nucleoside triphosphate hydrolases	4	236	2.77E-39	T	09-04-2022	IPR027417	P-loop containing nucleoside triphosphate hydrolase
Pno08G005028.t1:48-269	136a5e73991e9595733221ba0d34c3ff	221	SUPERFAMILY	SSF52540	P-loop containing nucleoside triphosphate hydrolases	5	220	2.55E-57	T	09-04-2022	IPR027417	P-loop containing nucleoside triphosphate hydrolase
Pno11G000634.t1:82-211	8c58ff60bfb9216be59ef42bf68509a0	129	SUPERFAMILY	SSF52540	P-loop containing nucleoside triphosphate hydrolases	4	129	7.67E-23	T	09-04-2022	IPR027417	P-loop containing nucleoside triphosphate hydrolase
Pno16G000590.t1:164-398	3e8d3a6ced87b8d06bfbf749e3ad7b55	234	SUPERFAMILY	SSF52540	P-loop containing nucleoside triphosphate hydrolases	6	234	1.23E-58	T	09-04-2022	IPR027417	P-loop containing nucleoside triphosphate hydrolase
Pno13G000833.t1:231-457	4ad52b33d7c536b9eff07db95f7d661b	226	SUPERFAMILY	SSF52540	P-loop containing nucleoside triphosphate hydrolases	3	225	1.89E-56	T	09-04-2022	IPR027417	P-loop containing nucleoside triphosphate hydrolase
Pno08G003474.t1:3-121	3e9f75de31abcfbe1e0c90f481d3eba8	118	SUPERFAMILY	SSF52540	P-loop containing nucleoside triphosphate hydrolases	1	98	7.43E-17	T	09-04-2022	IPR027417	P-loop containing nucleoside triphosphate hydrolase
Pno04G002409.t1:138-362	d602ab79c988e06c564dd1cdc8dc4f84	224	SUPERFAMILY	SSF52540	P-loop containing nucleoside triphosphate hydrolases	2	223	3.65E-54	T	09-04-2022	IPR027417	P-loop containing nucleoside triphosphate hydrolase
Pno04G002768.t1:138-228	27078ced7e51dcefde0b371aa43c0736	90	SUPERFAMILY	SSF52540	P-loop containing nucleoside triphosphate hydrolases	1	89	8.31E-18	T	09-04-2022	IPR027417	P-loop containing nucleoside triphosphate hydrolase
Pno08G004854.t1:202-425	e386b1a66f32dd4e392fd223a7dcc626	223	SUPERFAMILY	SSF52540	P-loop containing nucleoside triphosphate hydrolases	5	218	1.12E-56	T	09-04-2022	IPR027417	P-loop containing nucleoside triphosphate hydrolase
Pno12G014604.t5:163-385	d52b8f800e6feaca992e5ec1b44b9975	222	SUPERFAMILY	SSF52540	P-loop containing nucleoside triphosphate hydrolases	3	221	9.37E-34	T	09-04-2022	IPR027417	P-loop containing nucleoside triphosphate hydrolase
Pno112G000005.t1:173-412	7bdd73fb554f28e1123f598b447f3692	239	SUPERFAMILY	SSF52540	P-loop containing nucleoside triphosphate hydrolases	4	236	1.26E-39	T	09-04-2022	IPR027417	P-loop containing nucleoside triphosphate hydrolase
Pno01G008988.t1:148-378	50e45897b29893fcac292a0f14b27e9f	230	SUPERFAMILY	SSF52540	P-loop containing nucleoside triphosphate hydrolases	4	226	1.35E-36	T	09-04-2022	IPR027417	P-loop containing nucleoside triphosphate hydrolase
Pno07G002949.t1:209-409	9cad76e4ebaf6d0f1e3206920a551106	200	SUPERFAMILY	SSF52540	P-loop containing nucleoside triphosphate hydrolases	5	198	8.67E-49	T	09-04-2022	IPR027417	P-loop containing nucleoside triphosphate hydrolase
Pno08G004588.t2:199-412	b83a18a6150703cc84bbd5e32cf8aaad	213	SUPERFAMILY	SSF52540	P-loop containing nucleoside triphosphate hydrolases	7	211	1.84E-49	T	09-04-2022	IPR027417	P-loop containing nucleoside triphosphate hydrolase
Pno16G000607.t1:2-65	58f755c0ebeebe03c7207f0aae9b535e	63	SUPERFAMILY	SSF52540	P-loop containing nucleoside triphosphate hydrolases	1	63	1.43E-5	T	09-04-2022	IPR027417	P-loop containing nucleoside triphosphate hydrolase
